LSOA11Code,LikelihoodHousingHazard,LikelihoodHousingDisrepair
NA,0.18,0.032
W01000001,0.249,0.032
W01000002,0.307,0.04
W01000003,0.136,0.034
W01000004,0.172,0.025
W01000005,0.185,0.040999999999999995
W01000006,0.24100000000000002,0.037000000000000005
W01000007,0.371,0.047
W01000008,0.115,0.019
W01000009,0.321,0.042
W01000010,0.182,0.03
W01000011,0.27699999999999997,0.05
W01000012,0.08900000000000001,0.017
W01000013,0.121,0.017
W01000014,0.10099999999999999,0.016
W01000015,0.096,0.013999999999999999
W01000016,0.271,0.07
W01000017,0.141,0.035
W01000018,0.258,0.036000000000000004
W01000019,0.195,0.024
W01000020,0.322,0.039
W01000021,0.322,0.04
W01000022,0.253,0.031
W01000023,0.16399999999999998,0.025
W01000024,0.184,0.025
W01000025,0.136,0.022000000000000002
W01000026,0.237,0.027999999999999997
W01000027,0.324,0.040999999999999995
W01000028,0.318,0.048
W01000029,0.187,0.034
W01000030,0.161,0.032
W01000031,0.364,0.046
W01000032,0.321,0.036000000000000004
W01000033,0.079,0.012
W01000034,0.099,0.02
W01000035,0.289,0.035
W01000036,0.201,0.046
W01000037,0.13,0.028999999999999998
W01000038,0.231,0.03
W01000039,0.18899999999999997,0.021
W01000040,0.156,0.031
W01000041,0.077,0.013000000000000001
W01000042,0.129,0.017
W01000043,0.105,0.02
W01000044,0.134,0.02
W01001932,0.47200000000000003,0.057
W01001933,0.302,0.047
W01000047,0.24,0.04
W01000048,0.168,0.027999999999999997
W01000049,0.298,0.07200000000000001
W01000050,0.316,0.053
W01000051,0.16,0.034
W01000052,0.145,0.033
W01000053,0.34,0.051
W01000054,0.19,0.031
W01000056,0.327,0.062
W01000057,0.525,0.059000000000000004
W01000059,0.13699999999999998,0.03
W01000060,0.504,0.063
W01000061,0.205,0.046
W01000062,0.174,0.04
W01000063,0.415,0.051
W01000064,0.132,0.026000000000000002
W01000065,0.29,0.061
W01000066,0.406,0.051
W01000067,0.225,0.039
W01000068,0.141,0.033
W01000069,0.18899999999999997,0.026000000000000002
W01000070,0.44,0.054000000000000006
W01000071,0.22899999999999998,0.049
W01000072,0.158,0.032
W01000073,0.345,0.043
W01000074,0.276,0.038
W01000075,0.177,0.039
W01000076,0.239,0.051
W01000077,0.205,0.05
W01000078,0.26899999999999996,0.039
W01000079,0.331,0.044000000000000004
W01000080,0.289,0.034
W01000081,0.264,0.054000000000000006
W01000082,0.494,0.059000000000000004
W01000083,0.552,0.059000000000000004
W01000084,0.309,0.039
W01000085,0.331,0.042
W01000086,0.46399999999999997,0.057999999999999996
W01000087,0.133,0.026000000000000002
W01000088,0.385,0.044000000000000004
W01000089,0.48,0.055999999999999994
W01000090,0.092,0.015
W01000091,0.069,0.011000000000000001
W01000092,0.213,0.052000000000000005
W01000093,0.212,0.045
W01000094,0.295,0.036000000000000004
W01000095,0.23,0.034
W01000096,0.18600000000000003,0.039
W01000097,0.23399999999999999,0.052000000000000005
W01000098,0.14400000000000002,0.024
W01000099,0.278,0.036000000000000004
W01000100,0.22699999999999998,0.039
W01000101,0.22,0.04
W01000102,0.124,0.026000000000000002
W01000103,0.163,0.02
W01000104,0.237,0.049
W01000107,0.301,0.046
W01000105,0.226,0.046
W01000106,0.188,0.034
W01000108,0.23600000000000002,0.048
W01000109,0.154,0.032
W01000110,0.096,0.011000000000000001
W01000111,0.259,0.055999999999999994
W01000112,0.35200000000000004,0.051
W01000113,0.275,0.053
W01000114,0.314,0.037000000000000005
W01000115,0.305,0.047
W01000116,0.14300000000000002,0.028999999999999998
W01000117,0.19,0.043
W01000118,0.32899999999999996,0.047
W01000119,0.235,0.047
W01001927,0.064,0.01
W01001928,0.107,0.018000000000000002
W01000122,0.32899999999999996,0.046
W01000121,0.40399999999999997,0.064
W01000123,0.21,0.040999999999999995
W01000124,0.27399999999999997,0.042
W01000125,0.149,0.033
W01000126,0.203,0.043
W01000127,0.111,0.02
W01000128,0.16399999999999998,0.038
W01000129,0.10099999999999999,0.021
W01000130,0.212,0.040999999999999995
W01000131,0.10400000000000001,0.016
W01000132,0.21600000000000003,0.048
W01000133,0.111,0.022000000000000002
W01000134,0.12300000000000001,0.03
W01000135,0.094,0.016
W01000136,0.157,0.033
W01000137,0.384,0.053
W01000138,0.121,0.021
W01000139,0.185,0.043
W01000140,0.18100000000000002,0.038
W01000141,0.07400000000000001,0.005
W01000142,0.054000000000000006,0.005
W01000143,0.29600000000000004,0.062
W01000144,0.26899999999999996,0.057999999999999996
W01000145,0.133,0.021
W01000146,0.345,0.066
W01000147,0.141,0.027000000000000003
W01000148,0.179,0.039
W01000149,0.121,0.026000000000000002
W01000150,0.039,0.003
W01000151,0.069,0.006
W01000152,0.07200000000000001,0.011000000000000001
W01000153,0.179,0.03
W01000154,0.131,0.024
W01000155,0.18600000000000003,0.044000000000000004
W01000156,0.11,0.024
W01000157,0.139,0.033
W01000158,0.129,0.023
W01000159,0.408,0.057
W01001926,0.179,0.03
W01000162,0.34700000000000003,0.046
W01000163,0.218,0.03
W01000164,0.182,0.016
W01000165,0.134,0.031
W01000166,0.158,0.027999999999999997
W01000167,0.155,0.028999999999999998
W01000168,0.177,0.036000000000000004
W01000169,0.23199999999999998,0.047
W01000170,0.198,0.042
W01000171,0.152,0.035
W01000172,0.26,0.061
W01000173,0.21600000000000003,0.038
W01000174,0.142,0.026000000000000002
W01000175,0.113,0.016
W01000176,0.188,0.044000000000000004
W01000177,0.145,0.022000000000000002
W01000178,0.131,0.027000000000000003
W01000179,0.126,0.013000000000000001
W01000180,0.102,0.019
W01000181,0.07200000000000001,0.005
W01000182,0.23399999999999999,0.053
W01000183,0.25,0.05
W01000184,0.09699999999999999,0.015
W01000185,0.253,0.045
W01000186,0.102,0.022000000000000002
W01000187,0.075,0.009000000000000001
W01000188,0.094,0.016
W01000189,0.44299999999999995,0.067
W01000190,0.375,0.053
W01000191,0.11599999999999999,0.019
W01000192,0.42200000000000004,0.046
W01000193,0.276,0.045
W01000194,0.284,0.06
W01000195,0.102,0.018000000000000002
W01000196,0.163,0.026000000000000002
W01000197,0.139,0.026000000000000002
W01000198,0.077,0.011000000000000001
W01000199,0.254,0.037000000000000005
W01000200,0.34700000000000003,0.043
W01000201,0.14800000000000002,0.021
W01000202,0.499,0.045
W01000203,0.319,0.031
W01000204,0.316,0.038
W01000205,0.265,0.046
W01000206,0.39799999999999996,0.039
W01000207,0.552,0.055
W01000208,0.41700000000000004,0.071
W01000209,0.127,0.028999999999999998
W01000210,0.188,0.038
W01000211,0.516,0.054000000000000006
W01000212,0.134,0.03
W01000213,0.11800000000000001,0.028999999999999998
W01000214,0.19899999999999998,0.045
W01000215,0.133,0.028999999999999998
W01000216,0.14400000000000002,0.032
W01000217,0.151,0.033
W01000218,0.136,0.027999999999999997
W01000219,0.152,0.027000000000000003
W01000220,0.12300000000000001,0.013999999999999999
W01000221,0.1,0.017
W01000222,0.146,0.015
W01000223,0.066,0.005
W01000224,0.11599999999999999,0.018000000000000002
W01000225,0.179,0.037000000000000005
W01000226,0.124,0.023
W01000227,0.152,0.027999999999999997
W01000228,0.184,0.040999999999999995
W01000229,0.105,0.016
W01000230,0.139,0.023
W01000231,0.156,0.035
W01000232,0.08900000000000001,0.012
W01000233,0.163,0.028999999999999998
W01000234,0.092,0.017
W01000235,0.054000000000000006,0.002
W01000236,0.11599999999999999,0.024
W01000237,0.115,0.023
W01000238,0.188,0.040999999999999995
W01000239,0.19899999999999998,0.051
W01000240,0.27899999999999997,0.059000000000000004
W01000241,0.235,0.051
W01000242,0.17,0.03
W01000243,0.203,0.047
W01000244,0.085,0.013000000000000001
W01000245,0.13,0.03
W01000246,0.114,0.02
W01000247,0.249,0.037000000000000005
W01000248,0.445,0.046
W01000249,0.102,0.012
W01000250,0.129,0.021
W01000251,0.132,0.025
W01000252,0.141,0.02
W01000253,0.126,0.024
W01000254,0.13699999999999998,0.031
W01000255,0.141,0.026000000000000002
W01000256,0.10800000000000001,0.015
W01000257,0.109,0.013999999999999999
W01000258,0.156,0.026000000000000002
W01000259,0.11900000000000001,0.024
W01000260,0.132,0.016
W01000261,0.147,0.024
W01000262,0.107,0.017
W01000263,0.094,0.018000000000000002
W01000264,0.065,0.005
W01000265,0.163,0.027000000000000003
W01000266,0.132,0.022000000000000002
W01000267,0.113,0.015
W01000268,0.095,0.02
W01000269,0.149,0.031
W01000270,0.306,0.04
W01000271,0.308,0.042
W01000272,0.262,0.033
W01000273,0.11699999999999999,0.018000000000000002
W01000274,0.147,0.03
W01000275,0.17600000000000002,0.037000000000000005
W01000276,0.091,0.004
W01000277,0.069,0.004
W01000278,0.094,0.015
W01000279,0.14,0.017
W01000280,0.086,0.011000000000000001
W01000281,0.14400000000000002,0.025
W01000282,0.043,0.002
W01000283,0.158,0.027000000000000003
W01000284,0.086,0.012
W01000285,0.085,0.016
W01000286,0.11199999999999999,0.016
W01000287,0.262,0.039
W01000288,0.125,0.027000000000000003
W01000289,0.122,0.013000000000000001
W01000290,0.11,0.031
W01000291,0.092,0.008
W01000292,0.152,0.03
W01000293,0.17,0.034
W01000294,0.114,0.017
W01000295,0.152,0.031
W01000296,0.11699999999999999,0.026000000000000002
W01000297,0.092,0.017
W01000298,0.14800000000000002,0.025
W01000299,0.257,0.03
W01000300,0.154,0.024
W01000301,0.44299999999999995,0.055999999999999994
W01000302,0.156,0.03
W01000303,0.087,0.016
W01000304,0.133,0.031
W01000305,0.141,0.027999999999999997
W01000306,0.099,0.021
W01000307,0.16399999999999998,0.025
W01000308,0.152,0.03
W01000309,0.18600000000000003,0.035
W01000310,0.29100000000000004,0.040999999999999995
W01000311,0.122,0.022000000000000002
W01000312,0.127,0.022000000000000002
W01000313,0.11699999999999999,0.023
W01000314,0.154,0.036000000000000004
W01000315,0.106,0.018000000000000002
W01000316,0.109,0.017
W01000317,0.064,0.009000000000000001
W01000318,0.07400000000000001,0.009000000000000001
W01000319,0.125,0.024
W01000320,0.175,0.027999999999999997
W01000321,0.114,0.016
W01000322,0.09699999999999999,0.016
W01000323,0.127,0.026000000000000002
W01000324,0.11199999999999999,0.019
W01000325,0.084,0.017
W01000326,0.127,0.021
W01000327,0.156,0.023
W01000328,0.19699999999999998,0.036000000000000004
W01000329,0.157,0.028999999999999998
W01000330,0.09,0.015
W01000331,0.122,0.019
W01000332,0.20800000000000002,0.03
W01000333,0.11800000000000001,0.025
W01000334,0.20600000000000002,0.043
W01000335,0.08800000000000001,0.013000000000000001
W01000336,0.149,0.022000000000000002
W01000337,0.226,0.043
W01000338,0.222,0.031
W01000339,0.284,0.039
W01000340,0.226,0.035
W01000341,0.124,0.026000000000000002
W01000342,0.086,0.016
W01000343,0.10300000000000001,0.013000000000000001
W01000344,0.12300000000000001,0.015
W01000345,0.149,0.024
W01000346,0.396,0.053
W01000347,0.237,0.046
W01000348,0.134,0.027000000000000003
W01000351,0.11599999999999999,0.02
W01000349,0.07,0.009000000000000001
W01000350,0.16899999999999998,0.038
W01000352,0.10400000000000001,0.019
W01000353,0.081,0.013999999999999999
W01000354,0.155,0.03
W01000355,0.152,0.035
W01000356,0.105,0.015
W01001930,0.341,0.047
W01000359,0.185,0.026000000000000002
W01000360,0.11900000000000001,0.027999999999999997
W01000361,0.158,0.026000000000000002
W01000362,0.106,0.019
W01000363,0.126,0.02
W01000364,0.214,0.042
W01000365,0.132,0.027000000000000003
W01000366,0.10800000000000001,0.02
W01000367,0.113,0.013999999999999999
W01000368,0.146,0.031
W01000369,0.10800000000000001,0.018000000000000002
W01000370,0.171,0.033
W01000371,0.237,0.051
W01000372,0.158,0.037000000000000005
W01000373,0.14800000000000002,0.03
W01000374,0.1,0.013000000000000001
W01000375,0.115,0.021
W01000376,0.14400000000000002,0.019
W01000377,0.17300000000000001,0.024
W01000378,0.12,0.018000000000000002
W01000379,0.099,0.013000000000000001
W01000380,0.083,0.013999999999999999
W01000381,0.18899999999999997,0.039
W01000382,0.040999999999999995,0.008
W01000383,0.138,0.021
W01000384,0.138,0.023
W01000385,0.113,0.013000000000000001
W01000386,0.09300000000000001,0.021
W01000387,0.113,0.018000000000000002
W01000388,0.105,0.021
W01000389,0.185,0.04
W01000390,0.099,0.015
W01000391,0.136,0.021
W01000392,0.126,0.021
W01000393,0.13,0.027000000000000003
W01000394,0.264,0.040999999999999995
W01000395,0.121,0.021
W01000396,0.11199999999999999,0.019
W01000397,0.08,0.021
W01000398,0.20800000000000002,0.03
W01000399,0.28600000000000003,0.035
W01000400,0.14800000000000002,0.027000000000000003
W01000401,0.128,0.023
W01000402,0.262,0.054000000000000006
W01000403,0.177,0.02
W01000404,0.153,0.027999999999999997
W01000405,0.138,0.028999999999999998
W01000406,0.115,0.017
W01000407,0.196,0.033
W01000408,0.129,0.026000000000000002
W01000409,0.067,0.009000000000000001
W01000410,0.235,0.047
W01000411,0.107,0.026000000000000002
W01000412,0.223,0.049
W01000413,0.065,0.006999999999999999
W01000414,0.078,0.016
W01000415,0.099,0.017
W01000416,0.051,0.004
W01000417,0.14300000000000002,0.026000000000000002
W01000418,0.172,0.027000000000000003
W01000419,0.11,0.013999999999999999
W01000420,0.207,0.042
W01001929,0.17800000000000002,0.046
W01001931,0.192,0.04
W01000422,0.126,0.023
W01000423,0.094,0.016
W01000424,0.149,0.026000000000000002
W01000425,0.07200000000000001,0.013000000000000001
W01000426,0.262,0.04
W01000427,0.406,0.055
W01000428,0.325,0.047
W01000429,0.364,0.049
W01000430,0.327,0.079
W01000431,0.17600000000000002,0.045
W01000432,0.083,0.017
W01000433,0.203,0.033
W01000434,0.33799999999999997,0.045
W01001903,0.184,0.038
W01001899,0.249,0.045
W01000438,0.172,0.018000000000000002
W01000439,0.209,0.031
W01000440,0.179,0.025
W01000441,0.259,0.038
W01000442,0.341,0.044000000000000004
W01000443,0.292,0.037000000000000005
W01000444,0.222,0.036000000000000004
W01000445,0.23800000000000002,0.032
W01000446,0.175,0.039
W01000447,0.315,0.042
W01000448,0.13699999999999998,0.02
W01000449,0.18899999999999997,0.042
W01000450,0.419,0.053
W01000451,0.19699999999999998,0.024
W01000452,0.373,0.048
W01000453,0.34,0.045
W01000454,0.23800000000000002,0.057
W01000455,0.132,0.027999999999999997
W01000456,0.155,0.038
W01000457,0.126,0.016
W01000458,0.19399999999999998,0.027000000000000003
W01000459,0.401,0.055999999999999994
W01000460,0.33399999999999996,0.047
W01000461,0.255,0.036000000000000004
W01001904,0.249,0.042
W01001905,0.21,0.043
W01000464,0.44,0.055999999999999994
W01000465,0.212,0.031
W01000466,0.092,0.024
W01000467,0.21600000000000003,0.049
W01001906,0.40700000000000003,0.053
W01000470,0.264,0.042
W01001907,0.431,0.052000000000000005
W01000471,0.381,0.054000000000000006
W01000472,0.239,0.038
W01000473,0.147,0.033
W01000474,0.371,0.05
W01000475,0.344,0.043
W01000476,0.28300000000000003,0.040999999999999995
W01000477,0.373,0.049
W01000478,0.055,0.005
W01000479,0.092,0.013999999999999999
W01000480,0.14,0.027000000000000003
W01000481,0.106,0.021
W01000482,0.21600000000000003,0.042
W01000483,0.095,0.015
W01000484,0.424,0.055
W01000485,0.094,0.023
W01000486,0.128,0.027000000000000003
W01000487,0.185,0.034
W01000488,0.263,0.038
W01000489,0.161,0.03
W01001901,0.10300000000000001,0.018000000000000002
W01001902,0.065,0.008
W01000492,0.32899999999999996,0.069
W01000493,0.136,0.017
W01000494,0.228,0.044000000000000004
W01001897,0.209,0.03
W01000496,0.313,0.046
W01000497,0.278,0.046
W01000498,0.153,0.027000000000000003
W01000499,0.17,0.037000000000000005
W01000500,0.151,0.022000000000000002
W01000501,0.159,0.032
W01000502,0.155,0.032
W01000503,0.39799999999999996,0.048
W01000504,0.105,0.022000000000000002
W01000505,0.25,0.048
W01000506,0.33899999999999997,0.049
W01000507,0.375,0.033
W01000508,0.247,0.022000000000000002
W01000509,0.13,0.021
W01000510,0.23199999999999998,0.046
W01000511,0.207,0.04
W01000512,0.29100000000000004,0.062
W01000513,0.285,0.063
W01000515,0.139,0.021
W01000516,0.10800000000000001,0.021
W01000517,0.298,0.066
W01000518,0.098,0.017
W01000519,0.319,0.042
W01001937,0.29100000000000004,0.04
W01000522,0.418,0.05
W01000523,0.381,0.049
W01000524,0.263,0.028999999999999998
W01000525,0.096,0.019
W01000527,0.27699999999999997,0.067
W01000528,0.11599999999999999,0.022000000000000002
W01000529,0.371,0.047
W01001936,0.099,0.022000000000000002
W01001935,0.268,0.049
W01000531,0.182,0.027000000000000003
W01000532,0.312,0.037000000000000005
W01000533,0.254,0.036000000000000004
W01000534,0.146,0.021
W01000535,0.385,0.048
W01000536,0.501,0.059000000000000004
W01000537,0.396,0.046
W01000538,0.385,0.046
W01000539,0.557,0.063
W01000540,0.364,0.046
W01000541,0.40700000000000003,0.049
W01000542,0.462,0.055999999999999994
W01000543,0.478,0.055999999999999994
W01000544,0.306,0.046
W01000546,0.396,0.048
W01000547,0.248,0.023
W01000545,0.312,0.051
W01001934,0.132,0.027999999999999997
W01000548,0.099,0.017
W01000549,0.149,0.018000000000000002
W01000550,0.332,0.039
W01000551,0.201,0.03
W01000552,0.251,0.03
W01000553,0.192,0.025
W01000554,0.133,0.017
W01000555,0.13,0.018000000000000002
W01000556,0.18899999999999997,0.02
W01000557,0.18,0.023
W01000558,0.24,0.031
W01000559,0.405,0.048
W01000560,0.36200000000000004,0.038
W01000561,0.276,0.042
W01000562,0.27699999999999997,0.038
W01000563,0.268,0.032
W01000564,0.071,0.013999999999999999
W01000565,0.152,0.031
W01000566,0.155,0.033
W01000567,0.20800000000000002,0.046
W01000568,0.191,0.038
W01000569,0.08900000000000001,0.012
W01000570,0.081,0.013000000000000001
W01000571,0.153,0.032
W01000572,0.14800000000000002,0.027000000000000003
W01000573,0.136,0.023
W01000574,0.209,0.027000000000000003
W01000575,0.11,0.02
W01000576,0.11199999999999999,0.018000000000000002
W01000577,0.214,0.027999999999999997
W01000578,0.13699999999999998,0.019
W01000579,0.273,0.032
W01000580,0.152,0.022000000000000002
W01000581,0.315,0.039
W01000582,0.483,0.055
W01000583,0.33,0.045
W01000584,0.132,0.02
W01000585,0.35,0.046
W01000586,0.095,0.017
W01000587,0.152,0.039
W01000588,0.10300000000000001,0.02
W01000589,0.155,0.04
W01000590,0.11900000000000001,0.023
W01000591,0.218,0.038
W01000592,0.092,0.015
W01000593,0.08900000000000001,0.016
W01000594,0.153,0.035
W01000595,0.156,0.03
W01000596,0.196,0.027999999999999997
W01000597,0.245,0.043
W01000598,0.134,0.026000000000000002
W01000599,0.19899999999999998,0.035
W01000600,0.272,0.061
W01000601,0.087,0.013999999999999999
W01000602,0.129,0.024
W01000603,0.244,0.055
W01000604,0.11900000000000001,0.02
W01000605,0.20800000000000002,0.04
W01000606,0.106,0.021
W01000607,0.08,0.015
W01000608,0.218,0.049
W01000609,0.115,0.02
W01000610,0.114,0.019
W01000611,0.147,0.019
W01000615,0.086,0.019
W01000616,0.16,0.03
W01000617,0.353,0.044000000000000004
W01000618,0.278,0.035
W01000612,0.207,0.034
W01000613,0.364,0.055
W01000614,0.204,0.03
W01000619,0.11599999999999999,0.026000000000000002
W01000620,0.244,0.06
W01000621,0.146,0.027999999999999997
W01000622,0.21100000000000002,0.026000000000000002
W01000623,0.289,0.036000000000000004
W01000624,0.319,0.032
W01000625,0.16399999999999998,0.034
W01000626,0.191,0.043
W01000627,0.174,0.027000000000000003
W01000628,0.153,0.027000000000000003
W01000629,0.257,0.055999999999999994
W01000630,0.22,0.046
W01000631,0.10099999999999999,0.021
W01000632,0.192,0.049
W01000633,0.166,0.038
W01000634,0.132,0.026000000000000002
W01000635,0.226,0.045
W01000636,0.114,0.019
W01000637,0.102,0.018000000000000002
W01000638,0.09300000000000001,0.019
W01000639,0.177,0.036000000000000004
W01000640,0.09699999999999999,0.017
W01000641,0.239,0.055
W01000642,0.099,0.016
W01000643,0.107,0.023
W01000644,0.08900000000000001,0.012
W01000645,0.191,0.036000000000000004
W01000646,0.39899999999999997,0.046
W01000647,0.41600000000000004,0.045
W01000648,0.424,0.043
W01000649,0.308,0.032
W01000650,0.509,0.062
W01000651,0.131,0.026000000000000002
W01000652,0.099,0.018000000000000002
W01000653,0.209,0.044000000000000004
W01000654,0.272,0.059000000000000004
W01000655,0.162,0.034
W01000656,0.24100000000000002,0.048
W01000657,0.129,0.027000000000000003
W01000658,0.17,0.040999999999999995
W01000659,0.24100000000000002,0.055999999999999994
W01000660,0.218,0.048
W01001923,0.109,0.022000000000000002
W01001924,0.152,0.028999999999999998
W01000662,0.166,0.033
W01000663,0.23600000000000002,0.022000000000000002
W01000664,0.21,0.024
W01000665,0.182,0.028999999999999998
W01000666,0.184,0.038
W01000667,0.18600000000000003,0.035
W01001925,0.162,0.03
W01000670,0.153,0.036000000000000004
W01000671,0.17300000000000001,0.031
W01000672,0.441,0.05
W01000673,0.42,0.048
W01000674,0.342,0.039
W01000675,0.317,0.028999999999999998
W01000676,0.33899999999999997,0.054000000000000006
W01000677,0.235,0.054000000000000006
W01000678,0.285,0.034
W01000679,0.23199999999999998,0.057
W01000680,0.146,0.023
W01000681,0.17300000000000001,0.032
W01000682,0.359,0.038
W01000683,0.479,0.055999999999999994
W01000684,0.313,0.032
W01000685,0.41,0.044000000000000004
W01000686,0.381,0.05
W01000687,0.433,0.053
W01000688,0.305,0.03
W01000689,0.317,0.033
W01000690,0.115,0.023
W01000691,0.1,0.013999999999999999
W01000692,0.145,0.025
W01000693,0.098,0.015
W01000694,0.16399999999999998,0.017
W01000695,0.182,0.033
W01000696,0.22699999999999998,0.034
W01000697,0.268,0.039
W01000698,0.27699999999999997,0.027999999999999997
W01000699,0.268,0.035
W01000700,0.289,0.033
W01000701,0.301,0.043
W01000702,0.35100000000000003,0.036000000000000004
W01000703,0.24100000000000002,0.055999999999999994
W01000704,0.154,0.027999999999999997
W01000705,0.14,0.027999999999999997
W01000706,0.147,0.027999999999999997
W01000707,0.099,0.016
W01000708,0.114,0.025
W01000709,0.40299999999999997,0.051
W01000710,0.129,0.022000000000000002
W01000711,0.138,0.028999999999999998
W01000712,0.24100000000000002,0.028999999999999998
W01000713,0.306,0.033
W01000714,0.14300000000000002,0.027000000000000003
W01000715,0.158,0.033
W01000716,0.245,0.043
W01000717,0.129,0.035
W01000718,0.295,0.039
W01000719,0.45,0.047
W01000724,0.195,0.024
W01000725,0.17300000000000001,0.024
W01000720,0.161,0.026000000000000002
W01000721,0.18600000000000003,0.034
W01000722,0.26,0.03
W01000723,0.301,0.039
W01000726,0.141,0.02
W01000727,0.11,0.016
W01000728,0.446,0.05
W01000729,0.138,0.026000000000000002
W01000730,0.12,0.027000000000000003
W01000731,0.18100000000000002,0.028999999999999998
W01000732,0.297,0.069
W01000733,0.14,0.034
W01000734,0.304,0.068
W01000735,0.187,0.034
W01000736,0.107,0.022000000000000002
W01000737,0.11599999999999999,0.031
W01000738,0.11900000000000001,0.016
W01000739,0.132,0.027000000000000003
W01000740,0.14,0.032
W01000741,0.11900000000000001,0.02
W01000742,0.091,0.016
W01001955,0.027000000000000003,0.009000000000000001
W01001958,0.025,0.002
W01000744,0.213,0.05
W01000745,0.263,0.063
W01000746,0.29600000000000004,0.07
W01000747,0.331,0.077
W01001938,0.032,0.004
W01001957,0.162,0.032
W01000749,0.215,0.046
W01000750,0.111,0.021
W01000751,0.149,0.035
W01000752,0.132,0.019
W01000753,0.166,0.03
W01000754,0.179,0.044000000000000004
W01000755,0.141,0.028999999999999998
W01000756,0.091,0.017
W01000757,0.107,0.016
W01000758,0.149,0.027000000000000003
W01000759,0.12,0.02
W01000760,0.10099999999999999,0.02
W01000761,0.149,0.027000000000000003
W01000762,0.10400000000000001,0.021
W01000763,0.32299999999999995,0.07200000000000001
W01000764,0.28600000000000003,0.065
W01000765,0.261,0.057
W01000766,0.223,0.05
W01000767,0.10800000000000001,0.023
W01000768,0.128,0.017
W01000769,0.142,0.025
W01000770,0.159,0.023
W01000772,0.113,0.02
W01000771,0.158,0.03
W01000773,0.149,0.028999999999999998
W01000774,0.18600000000000003,0.039
W01000775,0.24100000000000002,0.034
W01000776,0.3,0.039
W01000777,0.125,0.019
W01000778,0.165,0.028999999999999998
W01000779,0.121,0.023
W01001956,0.098,0.017
W01000781,0.11699999999999999,0.019
W01000782,0.136,0.018000000000000002
W01000784,0.152,0.033
W01000785,0.09300000000000001,0.015
W01000786,0.171,0.032
W01000787,0.235,0.055
W01000788,0.217,0.053
W01000789,0.185,0.044000000000000004
W01000790,0.255,0.057
W01000791,0.062,0.003
W01000792,0.114,0.018000000000000002
W01000793,0.062,0.009000000000000001
W01000794,0.20199999999999999,0.036000000000000004
W01000795,0.077,0.01
W01000796,0.18600000000000003,0.031
W01000797,0.124,0.019
W01000798,0.127,0.021
W01000799,0.07200000000000001,0.009000000000000001
W01000800,0.139,0.032
W01000801,0.083,0.016
W01000802,0.09699999999999999,0.017
W01000803,0.29100000000000004,0.034
W01000804,0.08199999999999999,0.013999999999999999
W01000805,0.087,0.018000000000000002
W01000806,0.126,0.019
W01000815,0.124,0.022000000000000002
W01000816,0.081,0.011000000000000001
W01000807,0.11199999999999999,0.016
W01000808,0.132,0.023
W01000809,0.20800000000000002,0.045
W01000810,0.079,0.013000000000000001
W01000811,0.136,0.027000000000000003
W01000812,0.20199999999999999,0.052000000000000005
W01000813,0.228,0.048
W01000814,0.18100000000000002,0.037000000000000005
W01000817,0.063,0.008
W01000818,0.107,0.025
W01000819,0.11599999999999999,0.015
W01000820,0.174,0.034
W01000821,0.124,0.023
W01000822,0.124,0.011000000000000001
W01000823,0.096,0.023
W01000824,0.085,0.022000000000000002
W01000825,0.272,0.053
W01000826,0.10300000000000001,0.016
W01000827,0.20600000000000002,0.047
W01000828,0.193,0.03
W01000829,0.192,0.040999999999999995
W01000830,0.049,0.006
W01000831,0.086,0.019
W01000832,0.057999999999999996,0.009000000000000001
W01000833,0.07200000000000001,0.01
W01000834,0.09699999999999999,0.013000000000000001
W01000835,0.08,0.013999999999999999
W01000836,0.07200000000000001,0.011000000000000001
W01000837,0.10300000000000001,0.016
W01000838,0.1,0.017
W01000839,0.11599999999999999,0.026000000000000002
W01000840,0.158,0.028999999999999998
W01000841,0.107,0.024
W01000842,0.122,0.024
W01000843,0.125,0.024
W01000844,0.11,0.013999999999999999
W01000845,0.19899999999999998,0.040999999999999995
W01000846,0.185,0.04
W01000847,0.166,0.036000000000000004
W01000848,0.12300000000000001,0.021
W01000853,0.187,0.036000000000000004
W01000854,0.053,0.006999999999999999
W01000855,0.12,0.024
W01000856,0.07,0.011000000000000001
W01000857,0.129,0.03
W01000858,0.256,0.062
W01000859,0.102,0.013999999999999999
W01000860,0.13,0.027999999999999997
W01000861,0.212,0.043
W01000849,0.191,0.044000000000000004
W01000850,0.212,0.048
W01000851,0.198,0.044000000000000004
W01000852,0.23800000000000002,0.06
W01000862,0.10300000000000001,0.016
W01000863,0.109,0.024
W01000864,0.11,0.015
W01000865,0.14300000000000002,0.028999999999999998
W01000866,0.125,0.024
W01000867,0.10099999999999999,0.017
W01000868,0.183,0.036000000000000004
W01000869,0.17800000000000002,0.043
W01000870,0.262,0.062
W01000871,0.271,0.064
W01000872,0.222,0.046
W01000873,0.253,0.066
W01000874,0.248,0.067
W01000875,0.248,0.063
W01000876,0.271,0.068
W01000877,0.17800000000000002,0.035
W01000878,0.149,0.027000000000000003
W01000879,0.10400000000000001,0.013999999999999999
W01000880,0.163,0.04
W01000881,0.08,0.012
W01000882,0.111,0.016
W01000883,0.084,0.008
W01000884,0.233,0.059000000000000004
W01000885,0.145,0.024
W01000886,0.243,0.057
W01000887,0.121,0.021
W01000888,0.18600000000000003,0.037000000000000005
W01000889,0.172,0.034
W01000890,0.105,0.013999999999999999
W01000891,0.134,0.03
W01000892,0.135,0.022000000000000002
W01000893,0.187,0.043
W01000894,0.149,0.032
W01000895,0.261,0.057999999999999996
W01000896,0.135,0.025
W01000897,0.16899999999999998,0.040999999999999995
W01000898,0.179,0.040999999999999995
W01000899,0.129,0.022000000000000002
W01000900,0.138,0.027999999999999997
W01000901,0.133,0.022000000000000002
W01000902,0.13699999999999998,0.022000000000000002
W01000903,0.182,0.031
W01000904,0.069,0.005
W01000905,0.084,0.018000000000000002
W01000906,0.102,0.02
W01000907,0.092,0.015
W01000908,0.163,0.03
W01000909,0.129,0.022000000000000002
W01000910,0.086,0.008
W01000911,0.121,0.013999999999999999
W01000912,0.23,0.052000000000000005
W01000913,0.284,0.057999999999999996
W01000914,0.092,0.013000000000000001
W01000915,0.179,0.032
W01000916,0.282,0.054000000000000006
W01000917,0.172,0.033
W01000918,0.128,0.035
W01000919,0.375,0.051
W01000920,0.221,0.051
W01000921,0.09300000000000001,0.013999999999999999
W01000922,0.157,0.031
W01000923,0.11699999999999999,0.022000000000000002
W01000924,0.161,0.038
W01000925,0.109,0.025
W01000926,0.193,0.046
W01000927,0.14,0.027000000000000003
W01000928,0.20800000000000002,0.040999999999999995
W01000929,0.142,0.028999999999999998
W01000930,0.22899999999999998,0.045
W01000931,0.335,0.051
W01000932,0.162,0.033
W01000933,0.078,0.01
W01000934,0.24600000000000002,0.057
W01000935,0.25,0.054000000000000006
W01000936,0.11199999999999999,0.021
W01000937,0.16399999999999998,0.042
W01000938,0.19699999999999998,0.040999999999999995
W01000939,0.19,0.045
W01000940,0.139,0.027000000000000003
W01000941,0.126,0.028999999999999998
W01000942,0.091,0.019
W01000943,0.159,0.031
W01000944,0.21899999999999997,0.043
W01000945,0.215,0.044000000000000004
W01000946,0.209,0.044000000000000004
W01000947,0.109,0.024
W01000948,0.16899999999999998,0.035
W01000949,0.16399999999999998,0.035
W01000950,0.314,0.069
W01000951,0.271,0.057
W01000952,0.297,0.057999999999999996
W01000953,0.168,0.036000000000000004
W01000954,0.265,0.059000000000000004
W01000955,0.113,0.022000000000000002
W01000956,0.115,0.017
W01000957,0.094,0.02
W01000958,0.092,0.015
W01000959,0.121,0.027000000000000003
W01000960,0.133,0.026000000000000002
W01000961,0.113,0.019
W01000962,0.125,0.023
W01000963,0.12300000000000001,0.027999999999999997
W01000964,0.105,0.018000000000000002
W01000965,0.188,0.040999999999999995
W01000966,0.175,0.046
W01000967,0.195,0.047
W01000968,0.18,0.037000000000000005
W01000969,0.114,0.025
W01000970,0.161,0.028999999999999998
W01000971,0.19,0.040999999999999995
W01001900,0.264,0.053
W01000973,0.166,0.039
W01000974,0.255,0.047
W01000975,0.09,0.012
W01000976,0.271,0.049
W01000977,0.126,0.02
W01000978,0.318,0.069
W01000979,0.067,0.009000000000000001
W01000980,0.079,0.006999999999999999
W01000981,0.036000000000000004,0.002
W01000982,0.096,0.017
W01000983,0.059000000000000004,0.001
W01000984,0.054000000000000006,0
W01000985,0.05,0.002
W01000986,0.10800000000000001,0.018000000000000002
W01000987,0.11800000000000001,0.016
W01001918,0.079,0.006
W01000989,0.11,0.018000000000000002
W01000990,0.099,0.02
W01001919,0.055999999999999994,0
W01001920,0.048,0
W01001921,0.044000000000000004,0
W01000991,0.14,0.024
W01000992,0.3,0.062
W01000993,0.24100000000000002,0.057999999999999996
W01000994,0.23399999999999999,0.047
W01000995,0.273,0.054000000000000006
W01000996,0.168,0.031
W01000997,0.13,0.019
W01000998,0.133,0.02
W01000999,0.11,0.024
W01001000,0.102,0.02
W01001001,0.124,0.017
W01001002,0.079,0.008
W01001003,0.11699999999999999,0.018000000000000002
W01001004,0.16,0.032
W01001005,0.09300000000000001,0.008
W01001006,0.125,0.02
W01001007,0.179,0.027999999999999997
W01001008,0.10800000000000001,0.018000000000000002
W01001009,0.231,0.046
W01001010,0.109,0.017
W01001011,0.12300000000000001,0.015
W01001012,0.166,0.032
W01001013,0.11699999999999999,0.017
W01001014,0.272,0.06
W01001015,0.187,0.037000000000000005
W01001016,0.159,0.03
W01001017,0.272,0.057999999999999996
W01001018,0.29100000000000004,0.065
W01001019,0.11699999999999999,0.017
W01001020,0.12300000000000001,0.024
W01001021,0.263,0.055
W01001022,0.086,0.012
W01001023,0.124,0.02
W01001024,0.29,0.063
W01001025,0.28600000000000003,0.067
W01001026,0.107,0.017
W01001027,0.114,0.02
W01001028,0.17,0.039
W01001029,0.08800000000000001,0.011000000000000001
W01001030,0.114,0.025
W01001031,0.07,0.008
W01001032,0.145,0.022000000000000002
W01001033,0.282,0.065
W01001034,0.29100000000000004,0.061
W01001035,0.209,0.045
W01001036,0.155,0.032
W01001037,0.154,0.03
W01001041,0.085,0.011000000000000001
W01001038,0.12,0.021
W01001039,0.099,0.019
W01001040,0.157,0.025
W01001042,0.34700000000000003,0.07400000000000001
W01001043,0.337,0.07200000000000001
W01001044,0.107,0.02
W01001045,0.18899999999999997,0.044000000000000004
W01001046,0.23600000000000002,0.053
W01001047,0.132,0.027999999999999997
W01001048,0.14800000000000002,0.025
W01001049,0.142,0.027999999999999997
W01001050,0.131,0.031
W01001051,0.175,0.033
W01001052,0.10400000000000001,0.016
W01001053,0.099,0.017
W01001054,0.11699999999999999,0.019
W01001055,0.113,0.025
W01001056,0.11900000000000001,0.019
W01001057,0.099,0.016
W01001058,0.166,0.032
W01001059,0.139,0.031
W01001060,0.205,0.025
W01001061,0.19699999999999998,0.036000000000000004
W01001062,0.295,0.053
W01001063,0.36,0.063
W01001064,0.096,0.019
W01001065,0.303,0.054000000000000006
W01001066,0.141,0.028999999999999998
W01001067,0.09300000000000001,0.012
W01001068,0.068,0.006999999999999999
W01001069,0.23199999999999998,0.051
W01001070,0.29,0.06
W01001071,0.22399999999999998,0.04
W01001072,0.06,0.002
W01001073,0.125,0.023
W01001910,0.313,0.063
W01001911,0.284,0.067
W01001075,0.196,0.045
W01001076,0.299,0.05
W01001077,0.115,0.012
W01001078,0.166,0.033
W01001079,0.273,0.057
W01001080,0.23800000000000002,0.037000000000000005
W01001081,0.11599999999999999,0.018000000000000002
W01001082,0.15,0.031
W01001083,0.14300000000000002,0.028999999999999998
W01001084,0.18100000000000002,0.027000000000000003
W01001085,0.152,0.028999999999999998
W01001086,0.138,0.038
W01001087,0.129,0.022000000000000002
W01001088,0.113,0.018000000000000002
W01001089,0.11699999999999999,0.017
W01001090,0.165,0.033
W01001091,0.109,0.013000000000000001
W01001092,0.102,0.018000000000000002
W01001093,0.127,0.016
W01001094,0.055999999999999994,0.002
W01001095,0.076,0.009000000000000001
W01001096,0.156,0.018000000000000002
W01001097,0.159,0.016
W01001098,0.087,0.011000000000000001
W01001099,0.081,0.01
W01001100,0.08800000000000001,0.012
W01001101,0.243,0.059000000000000004
W01001102,0.34700000000000003,0.069
W01001103,0.061,0.006
W01001104,0.10400000000000001,0.019
W01001105,0.174,0.034
W01001106,0.08800000000000001,0.011000000000000001
W01001107,0.125,0.023
W01001108,0.155,0.03
W01001109,0.128,0.026000000000000002
W01001110,0.21100000000000002,0.033
W01001111,0.10099999999999999,0.012
W01001112,0.073,0.003
W01001113,0.31,0.047
W01001114,0.105,0.023
W01001115,0.122,0.019
W01001116,0.193,0.042
W01001117,0.098,0.012
W01001118,0.09300000000000001,0.016
W01001119,0.22,0.036000000000000004
W01001120,0.10400000000000001,0.013000000000000001
W01001121,0.11699999999999999,0.023
W01001122,0.136,0.021
W01001123,0.17,0.035
W01001124,0.35600000000000004,0.067
W01001125,0.3,0.06
W01001126,0.133,0.02
W01001127,0.185,0.031
W01001128,0.14,0.028999999999999998
W01001129,0.175,0.021
W01001130,0.266,0.066
W01001131,0.11199999999999999,0.018000000000000002
W01001132,0.064,0.003
W01001133,0.10300000000000001,0.017
W01001134,0.063,0.01
W01001135,0.21100000000000002,0.033
W01001136,0.166,0.019
W01001694,0.27699999999999997,0.059000000000000004
W01001695,0.12300000000000001,0.031
W01001696,0.226,0.049
W01001697,0.342,0.071
W01001698,0.325,0.068
W01001699,0.087,0.02
W01001940,0.022000000000000002,0
W01001942,0.125,0.027000000000000003
W01001943,0.031,0.001
W01001944,0.036000000000000004,0.004
W01001950,0.059000000000000004,0.006999999999999999
W01001951,0.036000000000000004,0
W01001952,0.065,0.012
W01001702,0.068,0.012
W01001703,0.08,0.01
W01001704,0.083,0.019
W01001705,0.081,0.012
W01001706,0.14300000000000002,0.027000000000000003
W01001707,0.107,0.026000000000000002
W01001708,0.08900000000000001,0.017
W01001709,0.217,0.043
W01001710,0.313,0.06
W01001711,0.16399999999999998,0.032
W01001712,0.292,0.06
W01001713,0.373,0.066
W01001714,0.196,0.042
W01001715,0.254,0.051
W01001716,0.23399999999999999,0.052000000000000005
W01001717,0.299,0.057999999999999996
W01001718,0.3,0.077
W01001939,0.113,0.034
W01001941,0.16399999999999998,0.055999999999999994
W01001719,0.327,0.075
W01001720,0.289,0.07400000000000001
W01001721,0.192,0.046
W01001722,0.254,0.07200000000000001
W01001724,0.228,0.064
W01001725,0.235,0.059000000000000004
W01001726,0.28,0.071
W01001922,0.196,0.053
W01001727,0.14400000000000002,0.022000000000000002
W01001728,0.049,0.01
W01001729,0.08900000000000001,0.018000000000000002
W01001730,0.10800000000000001,0.028999999999999998
W01001731,0.18,0.042
W01001732,0.147,0.033
W01001733,0.12,0.02
W01001734,0.156,0.031
W01001735,0.133,0.027000000000000003
W01001736,0.146,0.032
W01001737,0.11900000000000001,0.022000000000000002
W01001746,0.113,0.025
W01001738,0.142,0.022000000000000002
W01001739,0.106,0.02
W01001740,0.102,0.022000000000000002
W01001741,0.114,0.025
W01001742,0.129,0.026000000000000002
W01001743,0.08800000000000001,0.011000000000000001
W01001744,0.111,0.021
W01001745,0.10099999999999999,0.012
W01001747,0.085,0.008
W01001748,0.11699999999999999,0.023
W01001749,0.1,0.011000000000000001
W01001750,0.096,0.02
W01001751,0.078,0.016
W01001752,0.161,0.032
W01001753,0.066,0.013999999999999999
W01001754,0.159,0.036000000000000004
W01001755,0.262,0.057999999999999996
W01001756,0.166,0.038
W01001757,0.24,0.055999999999999994
W01001758,0.293,0.07200000000000001
W01001759,0.075,0.004
W01001945,0.055,0.009000000000000001
W01001946,0.061,0.011000000000000001
W01001947,0.035,0.002
W01001760,0.175,0.027999999999999997
W01001761,0.33399999999999996,0.062
W01001762,0.281,0.055999999999999994
W01001764,0.23600000000000002,0.049
W01001765,0.322,0.063
W01001766,0.366,0.073
W01001767,0.321,0.061
W01001768,0.34,0.066
W01001769,0.161,0.036000000000000004
W01001770,0.10800000000000001,0.019
W01001771,0.152,0.035
W01001772,0.163,0.036000000000000004
W01001773,0.17800000000000002,0.036000000000000004
W01001774,0.162,0.031
W01001775,0.213,0.049
W01001776,0.17800000000000002,0.035
W01001777,0.078,0.026000000000000002
W01001778,0.064,0.015
W01001779,0.124,0.024
W01001780,0.081,0.012
W01001781,0.133,0.031
W01001782,0.174,0.039
W01001783,0.047,0.004
W01001784,0.09300000000000001,0.012
W01001785,0.079,0.01
W01001786,0.198,0.044000000000000004
W01001787,0.13,0.023
W01001788,0.09300000000000001,0.019
W01001789,0.23800000000000002,0.051
W01001790,0.146,0.037000000000000005
W01001791,0.161,0.05
W01001800,0.109,0.022000000000000002
W01001949,0.131,0.025
W01001953,0.139,0.028999999999999998
W01001792,0.099,0.017
W01001793,0.055,0
W01001794,0.061,0
W01001795,0.048,0.002
W01001796,0.043,0.002
W01001797,0.08800000000000001,0.018000000000000002
W01001798,0.08900000000000001,0.008
W01001799,0.086,0.016
W01001802,0.11199999999999999,0.021
W01001803,0.124,0.022000000000000002
W01001804,0.11,0.02
W01001805,0.11199999999999999,0.021
W01001806,0.14,0.026000000000000002
W01001807,0.08900000000000001,0.015
W01001808,0.102,0.023
W01001809,0.151,0.026000000000000002
W01001818,0.133,0.017
W01001810,0.107,0.019
W01001811,0.084,0.016
W01001812,0.12,0.022000000000000002
W01001813,0.08199999999999999,0.018000000000000002
W01001814,0.126,0.019
W01001815,0.141,0.015
W01001816,0.114,0.013999999999999999
W01001817,0.14800000000000002,0.017
W01001819,0.10800000000000001,0.027000000000000003
W01001820,0.11699999999999999,0.023
W01001821,0.15,0.028999999999999998
W01001822,0.125,0.027999999999999997
W01001823,0.325,0.066
W01001824,0.284,0.063
W01001825,0.18100000000000002,0.036000000000000004
W01001826,0.136,0.023
W01001827,0.105,0.021
W01001828,0.135,0.02
W01001829,0.27,0.063
W01001838,0.321,0.078
W01001839,0.276,0.066
W01001830,0.23399999999999999,0.057
W01001831,0.337,0.08
W01001832,0.251,0.057
W01001833,0.214,0.05
W01001834,0.24,0.051
W01001835,0.105,0.022000000000000002
W01001836,0.358,0.078
W01001837,0.209,0.051
W01001840,0.08900000000000001,0.019
W01001841,0.042,0.001
W01001842,0.055999999999999994,0.001
W01001843,0.10400000000000001,0.021
W01001844,0.043,0
W01001846,0.087,0.013999999999999999
W01001847,0.092,0.015
W01001948,0.125,0.018000000000000002
W01001954,0.111,0.034
W01001848,0.17300000000000001,0.046
W01001849,0.11900000000000001,0.021
W01001850,0.158,0.036000000000000004
W01001851,0.141,0.028999999999999998
W01001852,0.136,0.026000000000000002
W01001853,0.126,0.017
W01001854,0.128,0.015
W01001855,0.257,0.05
W01001856,0.235,0.055
W01001857,0.115,0.019
W01001858,0.264,0.055999999999999994
W01001859,0.304,0.068
W01001860,0.278,0.057999999999999996
W01001861,0.309,0.067
W01001862,0.267,0.06
W01001863,0.16399999999999998,0.04
W01001864,0.158,0.032
W01001865,0.155,0.034
W01001866,0.10300000000000001,0.018000000000000002
W01001867,0.09300000000000001,0.023
W01001868,0.122,0.021
W01001869,0.292,0.052000000000000005
W01001870,0.3,0.057
W01001871,0.115,0.026000000000000002
W01001872,0.316,0.07200000000000001
W01001873,0.253,0.052000000000000005
W01001874,0.163,0.034
W01001875,0.071,0.009000000000000001
W01001876,0.142,0.03
W01001877,0.064,0.004
W01001886,0.095,0.009000000000000001
W01001878,0.055999999999999994,0
W01001879,0.047,0.006999999999999999
W01001880,0.034,0
W01001881,0.053,0.001
W01001882,0.052000000000000005,0.001
W01001883,0.107,0.021
W01001884,0.021,0
W01001885,0.091,0.019
W01001887,0.248,0.048
W01001896,0.192,0.040999999999999995
W01001888,0.105,0.017
W01001889,0.159,0.037000000000000005
W01001890,0.179,0.035
W01001891,0.134,0.034
W01001892,0.14800000000000002,0.026000000000000002
W01001893,0.129,0.028999999999999998
W01001894,0.152,0.034
W01001895,0.102,0.019
W01001137,0.267,0.055999999999999994
W01001138,0.193,0.043
W01001139,0.315,0.075
W01001140,0.258,0.057999999999999996
W01001141,0.27899999999999997,0.059000000000000004
W01001142,0.275,0.055999999999999994
W01001143,0.24,0.052000000000000005
W01001144,0.205,0.036000000000000004
W01001145,0.226,0.053
W01001146,0.294,0.062
W01001147,0.21,0.044000000000000004
W01001148,0.315,0.071
W01001149,0.196,0.038
W01001150,0.293,0.066
W01001151,0.14800000000000002,0.028999999999999998
W01001152,0.18,0.035
W01001153,0.233,0.053
W01001154,0.19,0.038
W01001155,0.292,0.068
W01001156,0.048,0.004
W01001157,0.122,0.013000000000000001
W01001158,0.14800000000000002,0.027000000000000003
W01001159,0.036000000000000004,0.003
W01001160,0.161,0.027999999999999997
W01001161,0.113,0.02
W01001162,0.111,0.027000000000000003
W01001915,0.1,0.013000000000000001
W01001916,0.034,0
W01001164,0.29600000000000004,0.064
W01001165,0.23,0.047
W01001166,0.301,0.061
W01001167,0.265,0.057
W01001168,0.159,0.027000000000000003
W01001169,0.096,0.017
W01001170,0.122,0.023
W01001171,0.25,0.054000000000000006
W01001172,0.254,0.06
W01001173,0.147,0.028999999999999998
W01001174,0.175,0.035
W01001175,0.308,0.069
W01001176,0.319,0.069
W01001177,0.313,0.064
W01001178,0.21100000000000002,0.047
W01001179,0.11199999999999999,0.023
W01001180,0.083,0.016
W01001181,0.091,0.011000000000000001
W01001182,0.252,0.057
W01001183,0.27399999999999997,0.061
W01001184,0.205,0.043
W01001185,0.158,0.032
W01001186,0.109,0.019
W01001187,0.145,0.034
W01001188,0.183,0.040999999999999995
W01001189,0.177,0.035
W01001190,0.115,0.02
W01001191,0.122,0.024
W01001192,0.1,0.017
W01001193,0.134,0.02
W01001194,0.077,0.006999999999999999
W01001195,0.141,0.033
W01001196,0.051,0.006
W01001197,0.069,0.008
W01001198,0.09699999999999999,0.012
W01001199,0.121,0.016
W01001200,0.287,0.064
W01001201,0.214,0.048
W01001202,0.252,0.051
W01001203,0.14800000000000002,0.024
W01001204,0.254,0.055999999999999994
W01001205,0.215,0.043
W01001206,0.24600000000000002,0.049
W01001207,0.07200000000000001,0.008
W01001208,0.302,0.071
W01001217,0.19399999999999998,0.038
W01001218,0.251,0.061
W01001219,0.21600000000000003,0.047
W01001220,0.275,0.061
W01001221,0.10099999999999999,0.02
W01001222,0.092,0.012
W01001209,0.203,0.035
W01001210,0.251,0.057
W01001211,0.313,0.062
W01001212,0.22899999999999998,0.055
W01001213,0.303,0.068
W01001214,0.225,0.045
W01001215,0.282,0.055999999999999994
W01001216,0.292,0.065
W01001223,0.09699999999999999,0.017
W01001224,0.040999999999999995,0.004
W01001225,0.14,0.025
W01001226,0.14800000000000002,0.025
W01001227,0.17,0.03
W01001228,0.204,0.042
W01001229,0.285,0.063
W01001230,0.248,0.05
W01001231,0.281,0.064
W01001232,0.18899999999999997,0.036000000000000004
W01001233,0.095,0.023
W01001234,0.213,0.045
W01001235,0.25,0.057999999999999996
W01001236,0.259,0.05
W01001237,0.121,0.024
W01001238,0.08,0.013999999999999999
W01001239,0.061,0.009000000000000001
W01001240,0.10800000000000001,0.016
W01001241,0.205,0.04
W01001242,0.09,0.011000000000000001
W01001243,0.08800000000000001,0.015
W01001244,0.129,0.023
W01001245,0.1,0.013000000000000001
W01001246,0.139,0.015
W01001247,0.276,0.06
W01001248,0.29600000000000004,0.065
W01001249,0.221,0.049
W01001250,0.157,0.03
W01001251,0.11800000000000001,0.02
W01001252,0.156,0.032
W01001253,0.19899999999999998,0.042
W01001914,0.039,0
W01001255,0.10800000000000001,0.021
W01001917,0.182,0.04
W01001256,0.33799999999999997,0.076
W01001257,0.20199999999999999,0.038
W01001258,0.268,0.055999999999999994
W01001259,0.27399999999999997,0.057999999999999996
W01001260,0.242,0.047
W01001261,0.314,0.069
W01001262,0.209,0.054000000000000006
W01001263,0.258,0.069
W01001264,0.27,0.07
W01001265,0.305,0.062
W01001266,0.18600000000000003,0.043
W01001267,0.244,0.051
W01001268,0.295,0.064
W01001269,0.285,0.059000000000000004
W01001270,0.307,0.065
W01001271,0.273,0.064
W01001272,0.153,0.035
W01001273,0.306,0.066
W01001274,0.192,0.039
W01001275,0.306,0.067
W01001276,0.337,0.067
W01001277,0.136,0.017
W01001278,0.203,0.048
W01001279,0.114,0.02
W01001280,0.22399999999999998,0.047
W01001281,0.335,0.07
W01001282,0.258,0.057999999999999996
W01001283,0.11800000000000001,0.022000000000000002
W01001284,0.066,0.002
W01001285,0.316,0.064
W01001286,0.28,0.065
W01001287,0.221,0.044000000000000004
W01001288,0.20600000000000002,0.047
W01001289,0.265,0.057
W01001290,0.205,0.039
W01001291,0.08199999999999999,0.009000000000000001
W01001292,0.092,0.013999999999999999
W01001293,0.12300000000000001,0.024
W01001294,0.13,0.018000000000000002
W01001295,0.174,0.035
W01001296,0.185,0.042
W01001297,0.23399999999999999,0.051
W01001298,0.17300000000000001,0.033
W01001299,0.083,0.004
W01001300,0.07,0.008
W01001301,0.1,0.022000000000000002
W01001302,0.257,0.053
W01001303,0.17,0.027000000000000003
W01001304,0.272,0.063
W01001305,0.207,0.040999999999999995
W01001306,0.239,0.045
W01001307,0.214,0.044000000000000004
W01001308,0.11,0.012
W01001309,0.122,0.026000000000000002
W01001310,0.184,0.038
W01001311,0.29,0.065
W01001312,0.165,0.032
W01001313,0.289,0.068
W01001314,0.207,0.039
W01001315,0.23,0.051
W01001316,0.20199999999999999,0.043
W01001317,0.114,0.025
W01001318,0.282,0.055999999999999994
W01001319,0.113,0.022000000000000002
W01001320,0.21100000000000002,0.042
W01001321,0.165,0.037000000000000005
W01001322,0.214,0.05
W01001898,0.10300000000000001,0.013000000000000001
W01001324,0.183,0.040999999999999995
W01001330,0.172,0.036000000000000004
W01001331,0.221,0.046
W01001332,0.271,0.052000000000000005
W01001333,0.22399999999999998,0.048
W01001325,0.147,0.031
W01001326,0.215,0.044000000000000004
W01001327,0.284,0.054000000000000006
W01001328,0.14,0.03
W01001329,0.265,0.054000000000000006
W01001334,0.141,0.027000000000000003
W01001335,0.369,0.067
W01001336,0.183,0.035
W01001337,0.285,0.062
W01001338,0.313,0.07400000000000001
W01001339,0.09699999999999999,0.013999999999999999
W01001340,0.122,0.02
W01001341,0.10800000000000001,0.027999999999999997
W01001342,0.154,0.025
W01001343,0.149,0.036000000000000004
W01001344,0.18899999999999997,0.036000000000000004
W01001345,0.08199999999999999,0.008
W01001346,0.22,0.046
W01001347,0.154,0.03
W01001348,0.085,0.013000000000000001
W01001349,0.049,0.006999999999999999
W01001350,0.261,0.062
W01001351,0.095,0.013000000000000001
W01001352,0.161,0.035
W01001353,0.099,0.018000000000000002
W01001354,0.298,0.06
W01001355,0.19899999999999998,0.047
W01001356,0.184,0.032
W01001357,0.092,0.011000000000000001
W01001358,0.13,0.021
W01001359,0.23399999999999999,0.053
W01001360,0.281,0.063
W01001361,0.127,0.025
W01001362,0.245,0.053
W01001363,0.128,0.021
W01001364,0.11800000000000001,0.02
W01001365,0.166,0.034
W01001366,0.114,0.015
W01001367,0.26,0.057
W01001368,0.12300000000000001,0.021
W01001369,0.162,0.03
W01001370,0.17,0.034
W01001371,0.099,0.015
W01001372,0.08800000000000001,0.009000000000000001
W01001373,0.218,0.043
W01001374,0.214,0.046
W01001375,0.17,0.04
W01001376,0.11800000000000001,0.019
W01001377,0.19,0.038
W01001378,0.157,0.031
W01001379,0.115,0.015
W01001384,0.293,0.064
W01001385,0.294,0.06
W01001386,0.18600000000000003,0.032
W01001380,0.255,0.048
W01001381,0.077,0.013999999999999999
W01001382,0.237,0.053
W01001383,0.245,0.048
W01001387,0.191,0.038
W01001388,0.122,0.022000000000000002
W01001389,0.196,0.039
W01001390,0.098,0.016
W01001391,0.17,0.04
W01001392,0.157,0.031
W01001393,0.107,0.016
W01001394,0.14400000000000002,0.018000000000000002
W01001395,0.127,0.032
W01001396,0.107,0.016
W01001397,0.08199999999999999,0.009000000000000001
W01001398,0.04,0
W01001399,0.10400000000000001,0.016
W01001400,0.083,0.01
W01001401,0.121,0.025
W01001402,0.113,0.016
W01001403,0.16399999999999998,0.038
W01001404,0.129,0.017
W01001405,0.099,0.016
W01001406,0.17,0.035
W01001407,0.14,0.018000000000000002
W01001408,0.09699999999999999,0.018000000000000002
W01001409,0.17600000000000002,0.035
W01001410,0.09300000000000001,0.016
W01001411,0.175,0.032
W01001412,0.261,0.06
W01001413,0.172,0.031
W01001414,0.115,0.017
W01001415,0.165,0.035
W01001416,0.142,0.027000000000000003
W01001417,0.07400000000000001,0.008
W01001418,0.141,0.031
W01001419,0.18100000000000002,0.031
W01001420,0.105,0.015
W01001421,0.08,0.012
W01001422,0.109,0.012
W01001423,0.11199999999999999,0.012
W01001424,0.24100000000000002,0.06
W01001425,0.184,0.04
W01001426,0.132,0.02
W01001427,0.062,0.004
W01001428,0.08199999999999999,0.009000000000000001
W01001429,0.244,0.051
W01001430,0.267,0.06
W01001431,0.28,0.06
W01001432,0.185,0.033
W01001433,0.23600000000000002,0.049
W01001434,0.1,0.016
W01001435,0.315,0.068
W01001436,0.35200000000000004,0.073
W01001437,0.21600000000000003,0.047
W01001438,0.126,0.026000000000000002
W01001439,0.149,0.027000000000000003
W01001440,0.11800000000000001,0.02
W01001441,0.086,0.01
W01001442,0.22399999999999998,0.047
W01001443,0.228,0.049
W01001444,0.111,0.02
W01001445,0.254,0.064
W01001446,0.154,0.034
W01001447,0.129,0.026000000000000002
W01001448,0.207,0.051
W01001449,0.161,0.035
W01001450,0.215,0.044000000000000004
W01001451,0.28600000000000003,0.059000000000000004
W01001452,0.184,0.037000000000000005
W01001453,0.11800000000000001,0.021
W01001454,0.222,0.04
W01001455,0.228,0.048
W01001456,0.20800000000000002,0.043
W01001457,0.083,0.012
W01001458,0.284,0.064
W01001459,0.16,0.026000000000000002
W01001460,0.27699999999999997,0.062
W01001461,0.26,0.054000000000000006
W01001462,0.141,0.026000000000000002
W01001463,0.305,0.067
W01001464,0.146,0.027000000000000003
W01001465,0.156,0.028999999999999998
W01001466,0.322,0.069
W01001467,0.11199999999999999,0.017
W01001468,0.187,0.039
W01001469,0.095,0.018000000000000002
W01001470,0.08800000000000001,0.016
W01001471,0.09300000000000001,0.016
W01001472,0.149,0.028999999999999998
W01001473,0.063,0.012
W01001474,0.086,0.018000000000000002
W01001475,0.22899999999999998,0.046
W01001476,0.28600000000000003,0.059000000000000004
W01001477,0.307,0.064
W01001478,0.289,0.057999999999999996
W01001479,0.092,0.023
W01001480,0.11,0.021
W01001481,0.10800000000000001,0.023
W01001482,0.168,0.032
W01001483,0.087,0.017
W01001484,0.20199999999999999,0.042
W01001485,0.08800000000000001,0.017
W01001486,0.195,0.044000000000000004
W01001487,0.133,0.027999999999999997
W01001488,0.128,0.027000000000000003
W01001489,0.22699999999999998,0.045
W01001490,0.305,0.063
W01001491,0.198,0.039
W01001492,0.091,0.013000000000000001
W01001493,0.096,0.012
W01001494,0.128,0.023
W01001495,0.106,0.019
W01001496,0.147,0.03
W01001497,0.09,0.019
W01001498,0.095,0.008
W01001499,0.057,0.004
W01001500,0.037000000000000005,0.002
W01001501,0.086,0.013000000000000001
W01001502,0.09300000000000001,0.01
W01001503,0.095,0.017
W01001504,0.134,0.025
W01001505,0.122,0.024
W01001506,0.11599999999999999,0.027000000000000003
W01001507,0.11,0.017
W01001508,0.09699999999999999,0.016
W01001509,0.095,0.013999999999999999
W01001510,0.133,0.024
W01001511,0.124,0.027000000000000003
W01001512,0.09699999999999999,0.013000000000000001
W01001513,0.111,0.019
W01001514,0.24,0.044000000000000004
W01001515,0.278,0.065
W01001516,0.11,0.019
W01001517,0.19399999999999998,0.04
W01001518,0.135,0.024
W01001519,0.09300000000000001,0.013000000000000001
W01001520,0.156,0.033
W01001521,0.142,0.027999999999999997
W01001522,0.109,0.02
W01001523,0.251,0.053
W01001524,0.142,0.03
W01001529,0.168,0.034
W01001525,0.11900000000000001,0.026000000000000002
W01001526,0.08800000000000001,0.011000000000000001
W01001527,0.106,0.027000000000000003
W01001528,0.124,0.026000000000000002
W01001530,0.08199999999999999,0.008
W01001531,0.135,0.031
W01001532,0.114,0.026000000000000002
W01001533,0.09,0.008
W01001534,0.092,0.012
W01001535,0.052000000000000005,0.002
W01001536,0.078,0.004
W01001537,0.11,0.017
W01001538,0.09300000000000001,0.018000000000000002
W01001539,0.10400000000000001,0.022000000000000002
W01001540,0.309,0.059000000000000004
W01001541,0.19,0.036000000000000004
W01001542,0.157,0.032
W01001543,0.11,0.015
W01001545,0.153,0.031
W01001546,0.142,0.023
W01001564,0.08900000000000001,0.015
W01001909,0.094,0.016
W01001548,0.35100000000000003,0.048
W01001549,0.37799999999999995,0.045
W01001908,0.10800000000000001,0.019
W01001551,0.12300000000000001,0.016
W01001552,0.08900000000000001,0.017
W01001553,0.092,0.016
W01001554,0.23399999999999999,0.057
W01001555,0.281,0.043
W01001556,0.083,0.018000000000000002
W01001557,0.19899999999999998,0.039
W01001558,0.109,0.019
W01001559,0.114,0.019
W01001560,0.34299999999999997,0.051
W01001561,0.10099999999999999,0.026000000000000002
W01001562,0.302,0.038
W01001563,0.084,0.015
W01001565,0.327,0.040999999999999995
W01001566,0.35200000000000004,0.043
W01001567,0.446,0.067
W01001568,0.389,0.06
W01001569,0.142,0.031
W01001571,0.195,0.032
W01001572,0.048,0.011000000000000001
W01001573,0.162,0.027999999999999997
W01001574,0.053,0.002
W01001575,0.373,0.049
W01001576,0.102,0.017
W01001577,0.067,0.008
W01001578,0.14,0.027999999999999997
W01001579,0.161,0.033
W01001580,0.14300000000000002,0.026000000000000002
W01001581,0.22899999999999998,0.034
W01001582,0.09699999999999999,0.023
W01001588,0.122,0.017
W01001589,0.08,0.013000000000000001
W01001590,0.10099999999999999,0.018000000000000002
W01001583,0.28600000000000003,0.035
W01001584,0.153,0.03
W01001585,0.077,0.013000000000000001
W01001586,0.078,0.011000000000000001
W01001587,0.158,0.035
W01001591,0.042,0.003
W01001592,0.066,0.013000000000000001
W01001593,0.11699999999999999,0.01
W01001594,0.287,0.035
W01001595,0.336,0.042
W01001596,0.183,0.036000000000000004
W01001597,0.146,0.033
W01001598,0.126,0.024
W01001599,0.106,0.016
W01001600,0.139,0.026000000000000002
W01001601,0.138,0.027000000000000003
W01001602,0.19699999999999998,0.042
W01001603,0.256,0.057999999999999996
W01001604,0.153,0.03
W01001605,0.29,0.07200000000000001
W01001606,0.155,0.026000000000000002
W01001607,0.105,0.016
W01001608,0.157,0.039
W01001609,0.085,0.013000000000000001
W01001610,0.122,0.019
W01001611,0.187,0.047
W01001612,0.225,0.053
W01001613,0.228,0.051
W01001614,0.08199999999999999,0.017
W01001615,0.136,0.024
W01001616,0.15,0.028999999999999998
W01001617,0.075,0.008
W01001618,0.083,0.015
W01001619,0.077,0.01
W01001620,0.09699999999999999,0.026000000000000002
W01001621,0.084,0.008
W01001622,0.08800000000000001,0.011000000000000001
W01001623,0.16,0.027999999999999997
W01001624,0.07400000000000001,0.01
W01001625,0.177,0.037000000000000005
W01001626,0.085,0.013999999999999999
W01001627,0.105,0.016
W01001628,0.07,0.012
W01001629,0.146,0.03
W01001630,0.086,0.02
W01001631,0.163,0.028999999999999998
W01001632,0.099,0.021
W01001633,0.086,0.016
W01001634,0.10800000000000001,0.017
W01001635,0.076,0.006999999999999999
W01001636,0.096,0.023
W01001637,0.109,0.019
W01001638,0.105,0.013000000000000001
W01001639,0.046,0.005
W01001640,0.11199999999999999,0.023
W01001641,0.128,0.026000000000000002
W01001642,0.139,0.035
W01001643,0.156,0.033
W01001644,0.218,0.057
W01001645,0.14800000000000002,0.028999999999999998
W01001646,0.10099999999999999,0.012
W01001647,0.135,0.018000000000000002
W01001648,0.157,0.03
W01001649,0.166,0.024
W01001650,0.086,0.011000000000000001
W01001651,0.13699999999999998,0.017
W01001652,0.08,0.016
W01001653,0.138,0.016
W01001654,0.162,0.027999999999999997
W01001655,0.156,0.024
W01001657,0.09300000000000001,0.012
W01001658,0.087,0.015
W01001912,0.08800000000000001,0.006
W01001913,0.105,0.013000000000000001
W01001659,0.21,0.040999999999999995
W01001660,0.193,0.043
W01001661,0.136,0.027999999999999997
W01001662,0.087,0.015
W01001663,0.077,0.013000000000000001
W01001664,0.08800000000000001,0.013999999999999999
W01001665,0.111,0.022000000000000002
W01001666,0.107,0.015
W01001667,0.098,0.013000000000000001
W01001668,0.096,0.016
W01001669,0.043,0.006
W01001670,0.055,0.006
W01001671,0.084,0.013000000000000001
W01001672,0.141,0.028999999999999998
W01001673,0.111,0.017
W01001674,0.122,0.024
W01001681,0.16,0.040999999999999995
W01001682,0.099,0.023
W01001683,0.212,0.04
W01001684,0.325,0.067
W01001675,0.313,0.067
W01001676,0.268,0.062
W01001677,0.231,0.043
W01001678,0.10099999999999999,0.017
W01001679,0.163,0.034
W01001680,0.266,0.057
W01001685,0.275,0.055999999999999994
W01001686,0.25,0.045
W01001687,0.27399999999999997,0.067
W01001688,0.054000000000000006,0.005
W01001689,0.059000000000000004,0.008
W01001690,0.263,0.057999999999999996
W01001691,0.295,0.062
W01001692,0.325,0.071
W01001693,0.254,0.059000000000000004
